
INSERT INTO manageri VALUES (100, 'Popa','Andrei', 35000);
INSERT INTO manageri VALUES (110, 'Stan','Mihai', 30000);
INSERT INTO manageri VALUES (120, 'Ion','Ana', 35000);
INSERT INTO manageri VALUES (130, 'Nae','Andrei', 40000);
INSERT INTO manageri VALUES (140, 'Matei','Laura', 40000);

INSERT INTO furnizor VALUES (1843, 'WELLA', '0788655');
INSERT INTO furnizor VALUES (2572, 'NYX','0787655' );
INSERT INTO furnizor VALUES (3678, 'Olaplex','0785322');
INSERT INTO furnizor VALUES (6893, 'Heliocare','07857642' );
INSERT INTO furnizor VALUES (9567, 'Cupio', '07859567');

INSERT INTO produse VALUES (10785, 'Oja semiper', 9567);
INSERT INTO produse VALUES (10790, 'Oja simpla', 9567);
INSERT INTO produse VALUES (10795, 'Tratament unghii', 9567);
INSERT INTO produse VALUES (15670, 'Vopsea', 1843);
INSERT INTO produse VALUES (15675, 'Fixativ', 1843);
INSERT INTO produse VALUES (19000, 'Tratament keratina', 3678);
INSERT INTO produse VALUES (19050, 'Sampon', 3678);
INSERT INTO produse VALUES (19055, 'Balsam', 3678);
INSERT INTO produse VALUES (30000, 'Paleta ochi', 2572);
INSERT INTO produse VALUES (30100, 'Paleta fata', 2572);
INSERT INTO produse VALUES (30200, 'Fond de ten', 2572);
INSERT INTO produse VALUES (30300, 'Pensule', 2572);
INSERT INTO produse VALUES (67000, 'Ser hidratant', 6893);
INSERT INTO produse VALUES (67050, 'Exfoliant', 6893);
INSERT INTO produse VALUES (67100, 'Masca', 6893);


INSERT INTO locatie VALUES (0001, 'Strada Popa Savu, nr.77', 0723657899,100, 50);
INSERT INTO locatie VALUES (0002, 'Strada Fabrica de chibrituri 13-15', 0723657839,110, 20);
INSERT INTO locatie VALUES (0003, 'Strada Petre S. Aurelian nr. 54', 0723657839,110, 30);
INSERT INTO locatie VALUES (0004, 'Soseaua Virtutii Nr. 1 E', 0723657836,120, 40);
INSERT INTO locatie VALUES (0005, 'Str. Heliade intre Vii nr. 29', 0723657879,130, 10);
INSERT INTO locatie VALUES (0006, 'Str. Stelea Spatarul nr 27', 0723657779,140, 50);


INSERT INTO stoc VALUES(0001,10785, 30);
INSERT INTO stoc VALUES(0001,10790, 45);
INSERT INTO stoc VALUES(0001,,10795, 12);
INSERT INTO stoc VALUES(0001,15670, 50);
INSERT INTO stoc VALUES(0001,15675, 30);
INSERT INTO stoc VALUES(0001,19000, 12);
INSERT INTO stoc VALUES(0001,19050, 8);
INSERT INTO stoc VALUES(0001,19055, 13);
INSERT INTO stoc VALUES(0001,30000, 20);
INSERT INTO stoc VALUES(0001,30100, 12);
INSERT INTO stoc VALUES(0001,30200, 20);
INSERT INTO stoc VALUES(0001,30300, 13);
INSERT INTO stoc VALUES(0001,67000, 0);
INSERT INTO stoc VALUES(0001,67050, 12);
INSERT INTO stoc VALUES(0001,67100, 0);
INSERT INTO stoc VALUES(0002,10785, 30);
INSERT INTO stoc VALUES(0002,10790, 25);
INSERT INTO stoc VALUES(0002,10795, 7);
INSERT INTO stoc VALUES(0002,15670, 20);
INSERT INTO stoc VALUES(0002,15675, 4);
INSERT INTO stoc VALUES(0002,19000, 12);
INSERT INTO stoc VALUES(0002,19050, 12);
INSERT INTO stoc VALUES(0002,19055, 10);
INSERT INTO stoc VALUES(0002,30000, 12);
INSERT INTO stoc VALUES(0002,30100, 13);
INSERT INTO stoc VALUES(0002,30200, 20);
INSERT INTO stoc VALUES(0002,30300, 15);
INSERT INTO stoc VALUES(0002,67000, 5);
INSERT INTO stoc VALUES(0002,67050, 7);
INSERT INTO stoc VALUES(0002,67100, 19);
INSERT INTO stoc VALUES(0003,10785, 30);
INSERT INTO stoc VALUES(0003,10790, 25);
INSERT INTO stoc VALUES(0003,10795, 12);
INSERT INTO stoc VALUES(0003,15670, 2);
INSERT INTO stoc VALUES(0003,15675, 4);
INSERT INTO stoc VALUES(0003,19000, 12);
INSERT INTO stoc VALUES(0003,19050, 12);
INSERT INTO stoc VALUES(0003,19055, 0);
INSERT INTO stoc VALUES(0003,30000, 12);
INSERT INTO stoc VALUES(0003,30100, 13);
INSERT INTO stoc VALUES(0003,30200, 14);
INSERT INTO stoc VALUES(0003,30300, 15);
INSERT INTO stoc VALUES(0003,67000, 5);
INSERT INTO stoc VALUES(0003,67050, 17);
INSERT INTO stoc VALUES(0003,67100, 19);
INSERT INTO stoc VALUES(0004,10785, 13);
INSERT INTO stoc VALUES(0004,10790, 15);
INSERT INTO stoc VALUES(0004,10795, 12);
INSERT INTO stoc VALUES(0004,15670, 0);
INSERT INTO stoc VALUES(0004,15675, 14);
INSERT INTO stoc VALUES(0004,19000, 0);
INSERT INTO stoc VALUES(0004,19050, 12);
INSERT INTO stoc VALUES(0004,19055, 20);
INSERT INTO stoc VALUES(0004,30000, 12);
INSERT INTO stoc VALUES(0004,30100, 13);
INSERT INTO stoc VALUES(0004,30200, 14);
INSERT INTO stoc VALUES(0004,30300, 15);
INSERT INTO stoc VALUES(0004,67000, 15);
INSERT INTO stoc VALUES(0004,67050, 17);
INSERT INTO stoc VALUES(0004,67100, 19);
INSERT INTO stoc VALUES(0005,10785, 13);
INSERT INTO stoc VALUES(0005,10790, 15);
INSERT INTO stoc VALUES(0005,10795, 12);
INSERT INTO stoc VALUES(0005,15670, 20);
INSERT INTO stoc VALUES(0005,15675, 14);
INSERT INTO stoc VALUES(0005,19000, 40);
INSERT INTO stoc VALUES(0005,19050, 12);
INSERT INTO stoc VALUES(0005,19055, 20);
INSERT INTO stoc VALUES(0005,30000, 32);
INSERT INTO stoc VALUES(0005,30100, 43);
INSERT INTO stoc VALUES(0005,30200, 14);
INSERT INTO stoc VALUES(0005,30300, 15);
INSERT INTO stoc VALUES(0005,67000, 18);
INSERT INTO stoc VALUES(0005,67050, 17);
INSERT INTO stoc VALUES(0005,67100, 27);
INSERT INTO stoc VALUES(0006,10785, 13);
INSERT INTO stoc VALUES(0006,10790, 15);
INSERT INTO stoc VALUES(0006,10795, 12);
INSERT INTO stoc VALUES(0006,15670, 20);
INSERT INTO stoc VALUES(0006,15675, 14);
INSERT INTO stoc VALUES(0006,19000, 0);
INSERT INTO stoc VALUES(0006,19050, 12);
INSERT INTO stoc VALUES(0006,19055, 20);
INSERT INTO stoc VALUES(0006,30000, 32);
INSERT INTO stoc VALUES(0006,30100, 43);
INSERT INTO stoc VALUES(0006,30200, 14);
INSERT INTO stoc VALUES(0006,30300, 15);
INSERT INTO stoc VALUES(0006,67000, 18);
INSERT INTO stoc VALUES(0006,67050, 17);
INSERT INTO stoc VALUES(0006,67100, 7);

INSERT INTO firma_contabilitate VALUES (4070, 'GP ACCOUNTING');
INSERT INTO firma_contabilitate VALUES (4071, 'TERWHOO');
INSERT INTO firma_contabilitate VALUES (4072, 'CONTELLO');
INSERT INTO firma_contabilitate VALUES (4073, 'MIVEXPERT');
INSERT INTO firma_contabilitate VALUES (4074, 'PREST');

INSERT INTO contabil VALUES (10, 'Popescu', 'Ana',4070);
INSERT INTO contabil VALUES (20, 'Ana', 'Andreea',4072);
INSERT INTO contabil VALUES (30, 'Anghel', 'Ion',4073);
INSERT INTO contabil VALUES (40, 'Matei', 'Elena',4071);
INSERT INTO contabil VALUES (50, 'Stan', 'Ovidiu',4074);


INSERT INTO servicii VALUES (00010, 'Pedichiura',50);
INSERT INTO servicii VALUES (00020, 'Manichiura',70);
INSERT INTO servicii VALUES (00030, 'Vopsit',150);
INSERT INTO servicii VALUES (00040, 'Tuns',50);
INSERT INTO servicii VALUES (00050, 'Tratament par',150);
INSERT INTO servicii VALUES (00060, 'Tratament facial',300);
INSERT INTO servicii VALUES (00070, 'Machiaj',350);
INSERT INTO servicii VALUES (00080, 'Manichiura semiper',140);
INSERT INTO servicii VALUES (00090, 'Machiaj de seara',100);
INSERT INTO servicii VALUES (00100, 'Machiaj de zi',70);

INSERT INTO programare VALUES (5001, to_timestamp('04/02/2022 12:00:00','MM/DD/YYYY HH24:MI:SS.FF3'), 0005, 00080,105);
INSERT INTO programare VALUES (5002, to_timestamp('03/16/2022 14:30:00','MM/DD/YYYY HH24:MI:SS.FF3'), 0002, 00060,115);
INSERT INTO programare VALUES (5003, to_timestamp('01/12/2022 14:30:00','MM/DD/YYYY HH24:MI:SS.FF3'), 0004, 00080, 125);
INSERT INTO programare VALUES (5004, to_timestamp('02/02/2022 13:00:00','MM/DD/YYYY HH24:MI:SS.FF3'), 0001, 00010,135);
INSERT INTO programare VALUES (5005, to_timestamp('03/20/2022 14:30:00','MM/DD/YYYY HH24:MI:SS.FF3'), 0002, 00050, 155);
INSERT INTO programare VALUES (5006, to_timestamp('03/15/2022 18:00:00','MM/DD/YYYY HH24:MI:SS.FF3'), 0003, 00030, 145);
INSERT INTO programare VALUES (5007, to_timestamp('01/06/2022 09:30:00','MM/DD/YYYY HH24:MI:SS.FF3'), 0001, 00020, 165);
INSERT INTO programare VALUES (5008, to_timestamp('04/15/2022 09:30:00','MM/DD/YYYY HH24:MI:SS.FF3'), 0002, 00070,175);
INSERT INTO programare VALUES (5009, to_timestamp('05/22/2022 12:00:00','MM/DD/YYYY HH24:MI:SS.FF3'), 0005, 00080,185);
INSERT INTO programare VALUES (5010, to_timestamp('03/02/2022 08:00:00','MM/DD/YYYY HH24:MI:SS.FF3'), 0005, 00080,195);
INSERT INTO programare VALUES (5011, to_timestamp('05/12/2022 17:30:00','MM/DD/YYYY HH24:MI:SS.FF3'), 0006, 00090,115);
INSERT INTO programare VALUES (5012, to_timestamp('04/17/2022 10:00:00','MM/DD/YYYY HH24:MI:SS.FF3'), 0006, 00070,125);
INSERT INTO programare VALUES (5013, to_timestamp('05/22/2022 12:00:00','MM/DD/YYYY HH24:MI:SS.FF3'), 0005, 00080,195);
INSERT INTO programare VALUES (5014, to_timestamp('03/30/2022 08:00:00','MM/DD/YYYY HH24:MI:SS.FF3'), 0003, 00080,115);
INSERT INTO programare VALUES (5015, to_timestamp('04/02/2022 12:00:00','MM/DD/YYYY HH24:MI:SS.FF3'), 0001, 00060,105);
INSERT INTO programare VALUES (5016, to_timestamp('01/11/2022 12:00:00','MM/DD/YYYY HH24:MI:SS.FF3'), 0001, 00060,105);


INSERT INTO card_fidelitate VALUES(4000, to_date('02/11/2022','MM/DD/YYYY'),to_date('03/11/2022','MM/DD/YYYY'),115);
INSERT INTO card_fidelitate VALUES(4001, to_date('01/23/2022','MM/DD/YYYY'),to_date('03/23/2022','MM/DD/YYYY'),145);
INSERT INTO card_fidelitate VALUES(4002, to_date('02/25/2022','MM/DD/YYYY'),to_date('05/25/2022','MM/DD/YYYY'),135);
INSERT INTO card_fidelitate VALUES(4003, to_date('02/01/2022','MM/DD/YYYY'),to_date('03/01/2022','MM/DD/YYYY'),195);
INSERT INTO card_fidelitate VALUES(4004, to_date('12/22/2021','MM/DD/YYYY'),to_date('02/22/2022','MM/DD/YYYY'),175);
INSERT INTO card_fidelitate VALUES(4005, to_date('02/12/2022','MM/DD/YYYY'),to_date('03/12/2022','MM/DD/YYYY'),105);


INSERT INTO salariat VALUES(360, 'manichiurist',0002, 'Popescu', 'Elena', 1450);
INSERT INTO salariat VALUES(370, 'makeup_artist',0002, 'Ana', 'Laura', 1450);
INSERT INTO salariat VALUES(380, 'cosmetolog',0002, 'Stancu', 'Ana', 1450);
INSERT INTO salariat VALUES(390, 'hair_stylist',0002, 'Stan', 'Dorina', 1450);
INSERT INTO salariat VALUES(400, 'manichiurist',0002, 'Stancu', 'Mihaela', 1450);
INSERT INTO salariat VALUES(410, 'hair_stylist',0002, 'Ion', 'Maria', 1500);
INSERT INTO salariat VALUES(420, 'manichiurist',0003, 'Stanescu', 'Ana', 1550);
INSERT INTO salariat VALUES(430, 'makeup_artist',0003, 'Mincu', 'Lana', 1600);
INSERT INTO salariat VALUES(440, 'cosmetolog',0003, 'Marina', 'Anastasia', 1700);
INSERT INTO salariat VALUES(450, 'hair_stylist',0003, 'Ion', 'Maria', 1300);
INSERT INTO salariat VALUES(460, 'manichiurist',0003, 'Stan', 'Mihnea', 1650);
INSERT INTO salariat VALUES(470, 'makeup_artist',0003, 'Banea', 'Nicoleta', 1700);
INSERT INTO salariat VALUES(480, 'manichiurist',0004, 'Dan', 'Nicoleta', 1750);
INSERT INTO salariat VALUES(490, 'makeup_artist',0004, 'Nae', 'Ana', 1650);
INSERT INTO salariat VALUES(500, 'cosmetolog',0004, 'Manea', 'Andra', 1700);
INSERT INTO salariat VALUES(510, 'hair_stylist',0004, 'Nae', 'Maria', 1500);
INSERT INTO salariat VALUES(520, 'manichiurist',0004, 'Stan', 'Mara', 1650);
INSERT INTO salariat VALUES(530, 'makeup_artist',0004, 'Mincu', 'Nicoleta', 1700);
INSERT INTO salariat VALUES(540, 'manichiurist',0005, 'Manea', 'Denisa', 1500);
INSERT INTO salariat VALUES(550, 'makeup_artist',0005, 'Pancu', 'Raluca', 1550);
INSERT INTO salariat VALUES(560, 'cosmetolog',0005, 'Manea', 'Andra', 1700);
INSERT INTO salariat VALUES(570, 'hair_stylist',0005, 'Pop', 'Nadia', 1550);
INSERT INTO salariat VALUES(580, 'manichiurist',0005, 'Cristescu', 'Diana', 1650);
INSERT INTO salariat VALUES(590, 'cosmetolog',0005, 'Mincu', 'Dana', 1750);
INSERT INTO salariat VALUES(600, 'manichiurist',0006, 'Cristescu', 'Denisa', 1500);
INSERT INTO salariat VALUES(610, 'makeup_artist',0006, 'Pana', 'Ana', 1600);
INSERT INTO salariat VALUES(620, 'cosmetolog',0006, 'Mina', 'Nadia', 1700);
INSERT INTO salariat VALUES(630, 'hair_stylist',0006, 'Stan', 'Andra', 1550);
INSERT INTO salariat VALUES(640, 'manichiurist',0006, 'Sincu', 'Alexandra', 1600);
INSERT INTO salariat VALUES(650, 'cosmetolog',0006, 'Paun', 'Raluca', 1800);


INSERT INTO CLIENT VALUES(105, 'Stan', 'Maria', 23);
INSERT INTO CLIENT VALUES(115, 'Mincu', 'Ana', 35);
INSERT INTO CLIENT VALUES(125, 'Popescu', 'Dana', 19);
INSERT INTO CLIENT VALUES(135, 'Pop', 'Ioana', 32);
INSERT INTO CLIENT VALUES(145, 'Ion', 'Maria', 25);
INSERT INTO CLIENT VALUES(155, 'Ale', 'Mihai', 23);
INSERT INTO CLIENT VALUES(165, 'Mirea', 'Andreea', 30);
INSERT INTO CLIENT VALUES(175, 'Pop', 'Diana', 34);
INSERT INTO CLIENT VALUES(185, 'Anghel', 'Ioana', 32);
INSERT INTO CLIENT VALUES(195, 'Ion', 'Mara', 27);

INSERT INTO PENTRU VALUES(10, 10790);
INSERT INTO PENTRU VALUES(10, 10795);
INSERT INTO PENTRU VALUES(20, 10790);
INSERT INTO PENTRU VALUES(20, 10795);
INSERT INTO PENTRU VALUES(30, 15670);
INSERT INTO PENTRU VALUES(30, 19050);
INSERT INTO PENTRU VALUES(30, 19055);
INSERT INTO PENTRU VALUES(40, 19050);
INSERT INTO PENTRU VALUES(40, 19055);
INSERT INTO PENTRU VALUES(50, 19050);
INSERT INTO PENTRU VALUES(50, 19055);
INSERT INTO PENTRU VALUES(50, 19000);
INSERT INTO PENTRU VALUES(60, 67000);
INSERT INTO PENTRU VALUES(60, 67050);
INSERT INTO PENTRU VALUES(60, 67100);
INSERT INTO PENTRU VALUES(70, 30100);
INSERT INTO PENTRU VALUES(70, 30200);
INSERT INTO PENTRU VALUES(70, 30300);
INSERT INTO PENTRU VALUES(80, 10790);
INSERT INTO PENTRU VALUES(80, 10785);
INSERT INTO PENTRU VALUES(90, 30000);
INSERT INTO PENTRU VALUES(90, 30100);
INSERT INTO PENTRU VALUES(90, 30200);
INSERT INTO PENTRU VALUES(90, 30300);
INSERT INTO PENTRU VALUES(100, 30000);
INSERT INTO PENTRU VALUES(100, 30100);
INSERT INTO PENTRU VALUES(100, 30200);
INSERT INTO PENTRU VALUES(100, 30300);



INSERT INTO presteaza VALUES(10, 300);
INSERT INTO presteaza VALUES(10, 340);
INSERT INTO presteaza VALUES(10, 360);
INSERT INTO presteaza VALUES(10, 400);
INSERT INTO presteaza VALUES(10, 420);
INSERT INTO presteaza VALUES(10, 460);
INSERT INTO presteaza VALUES(10, 480);
INSERT INTO presteaza VALUES(10, 520);
INSERT INTO presteaza VALUES(10, 540);
INSERT INTO presteaza VALUES(10, 580);
INSERT INTO presteaza VALUES(10, 600);
INSERT INTO presteaza VALUES(10, 640);
INSERT INTO presteaza VALUES(20, 300);
INSERT INTO presteaza VALUES(20, 340);
INSERT INTO presteaza VALUES(20, 360);
INSERT INTO presteaza VALUES(20, 400);
INSERT INTO presteaza VALUES(20, 420);
INSERT INTO presteaza VALUES(20, 460);
INSERT INTO presteaza VALUES(20, 480);
INSERT INTO presteaza VALUES(20, 520);
INSERT INTO presteaza VALUES(20, 540);
INSERT INTO presteaza VALUES(20, 580);
INSERT INTO presteaza VALUES(20, 600);
INSERT INTO presteaza VALUES(20, 640);
INSERT INTO presteaza VALUES(30, 330);
INSERT INTO presteaza VALUES(30, 350);
INSERT INTO presteaza VALUES(30, 390);
INSERT INTO presteaza VALUES(30, 410);
INSERT INTO presteaza VALUES(40, 330);
INSERT INTO presteaza VALUES(40, 350);
INSERT INTO presteaza VALUES(40, 390);
INSERT INTO presteaza VALUES(40, 410);
INSERT INTO presteaza VALUES(40, 450);
INSERT INTO presteaza VALUES(40, 510);
INSERT INTO presteaza VALUES(40, 570);
INSERT INTO presteaza VALUES(40, 630);
INSERT INTO presteaza VALUES(50, 390);
INSERT INTO presteaza VALUES(50, 410);
INSERT INTO presteaza VALUES(50, 450);
INSERT INTO presteaza VALUES(50, 510);
INSERT INTO presteaza VALUES(50, 570);
INSERT INTO presteaza VALUES(50, 630);
INSERT INTO presteaza VALUES(60, 320);
INSERT INTO presteaza VALUES(60, 440);
INSERT INTO presteaza VALUES(60, 380);
INSERT INTO presteaza VALUES(60, 500);
INSERT INTO presteaza VALUES(60, 560);
INSERT INTO presteaza VALUES(60, 590);
INSERT INTO presteaza VALUES(60, 620);
INSERT INTO presteaza VALUES(60, 650);
INSERT INTO presteaza VALUES(70, 310);
INSERT INTO presteaza VALUES(70, 370);
INSERT INTO presteaza VALUES(70, 430);
INSERT INTO presteaza VALUES(70, 470);
INSERT INTO presteaza VALUES(70, 490);
INSERT INTO presteaza VALUES(70, 530);
INSERT INTO presteaza VALUES(70, 550);
INSERT INTO presteaza VALUES(70, 610);
INSERT INTO presteaza VALUES(80, 600);
INSERT INTO presteaza VALUES(80, 640);
INSERT INTO presteaza VALUES(80, 300);
INSERT INTO presteaza VALUES(80, 340);
INSERT INTO presteaza VALUES(80, 360);
INSERT INTO presteaza VALUES(80, 400);
INSERT INTO presteaza VALUES(80, 420);
INSERT INTO presteaza VALUES(90, 310);
INSERT INTO presteaza VALUES(90, 370);
INSERT INTO presteaza VALUES(90, 430);
INSERT INTO presteaza VALUES(90, 470);
INSERT INTO presteaza VALUES(90, 490);
INSERT INTO presteaza VALUES(90, 530);
INSERT INTO presteaza VALUES(90, 550);
INSERT INTO presteaza VALUES(90, 610);
INSERT INTO presteaza VALUES(100, 310);
INSERT INTO presteaza VALUES(100, 370);
INSERT INTO presteaza VALUES(100, 430);
INSERT INTO presteaza VALUES(100, 470);
INSERT INTO presteaza VALUES(100, 490);
INSERT INTO presteaza VALUES(100, 530);
INSERT INTO presteaza VALUES(100, 550);
INSERT INTO presteaza VALUES(100, 610);
INSERT INTO presteaza VALUES(30, 450);
INSERT INTO presteaza VALUES(80, 520);
















